{"cameraMode":{"drawMode":0,"name":"Shaded","section":"Shading Mode"},"sceneLighting":false,"audioPlay":false,"sceneViewState":{"showFog":true,"showMaterialUpdate":false,"showSkybox":false,"showFlares":true,"showImageEffects":true,"showParticleSystems":true},"in2DMode":false,"pivot":{"x":1053.8282470703125,"y":422.1000061035156,"z":1310.0},"rotation":{"x":-0.23794057965278626,"y":-0.7245476245880127,"z":0.3011356592178345,"w":-0.5724979639053345},"size":17.199316024780275,"orthographic":true}