{"cameraMode":{"drawMode":0,"name":"Shaded","section":"Shading Mode"},"sceneLighting":true,"audioPlay":false,"sceneViewState":{"showFog":true,"showMaterialUpdate":false,"showSkybox":false,"showFlares":true,"showImageEffects":true,"showParticleSystems":true},"in2DMode":false,"pivot":{"x":-9.257515907287598,"y":0.07399988174438477,"z":-9.093060493469239},"rotation":{"x":0.0805630013346672,"y":-0.865198016166687,"z":0.14753469824790955,"w":0.4724304974079132},"size":10.911920547485352,"orthographic":true}