{"cameraMode":{"drawMode":0,"name":"Shaded","section":"Shading Mode"},"sceneLighting":true,"audioPlay":false,"sceneViewState":{"showFog":true,"showMaterialUpdate":false,"showSkybox":true,"showFlares":true,"showImageEffects":true,"showParticleSystems":true},"in2DMode":false,"pivot":{"x":-4.0843119621276859,"y":1.5740232467651368,"z":-8.928205490112305},"rotation":{"x":-0.25112855434417727,"y":-0.5904494524002075,"z":0.20026656985282899,"w":-0.7404063940048218},"size":8.7976655960083,"orthographic":false}